query,result,parsed_at
all the headings,"If you want to display the content in a different format (e.g., a list), you can do so by using the following command:
# grep i
SELECT  FROM query WHERE query = ""Content""
WHERE query = 'Content'
AND
OR
FROM query WHERE
SELECT  FROM query WHERE query = 'A' AND query = ""B"" AND query.name = 'C'.
If the query contains a reference to
SELECT  FROM  WHERE H1='Content' AND H1='Title' AS 'Heading'
WHERE
If the content contains a queryspecific keyword, the content should be extracted using the keyword.
For example, if the query contains the following:
a list
If the content contains a query, it should be extracted using the following methods:
SELECT  FROM query WHERE content = ""http
This is a clean, uncluttered
All the headINGS are extracted from the query, but only the heading data is included here.
If you want to extract the entire query, you can do so using the following command:
# ls l
# lsh i
SELECT  FROM query WHERE query = ""Jupiter"" AND query = 'AstroSphere' AND query_name = 'Astronomy' AND name
All the headINGS (headings) are extracted from the query, but only the heading itself should be included.
# ls l 'j
If you have any questions about the content extraction process please contact us at info@sjcontentextraction.com.au.
We look forward
All the heading data must be extracted from the query (the query will contain only the headdata).
SELECT  FROM query WHERE head= 'Jupiter' AND head = 'Astro' AND body='body' AS head;
SELECT  FROM  WHERE  = 'GOD' AND  =  AND  = 1;
CONTEXT:
This is a list of all
SELECT  FROM query WHERE content = 'Content' AND content_id = 'contentname';
All the headINGS (headings) are extracted from the query, but only the first two lines are included.
If you want to add more headings, you can do so by adding them to the query itself.
For example, if
All the headINGS are extracted from the query, but only the content that matches the content in the original query. The content must be extracted using the same method used for the original queries (e.g., by using the ""Search"" function).
All the headINGS (the first two lines) must be extracted from the query, and the rest must be returned as a list of itemized items.
If you have any questions about the content extraction process, please contact us at info@s
A description of the item(s) you want to extract from the query
SELECT  FROM  WHERE  IS NOT NULL;
WHERE  IS NULL; AND  IS A NULL; OR
SELECT  FROM query WHERE query = ""name"" AND query = 'description' AND query_id = 'user'.
If the query contains a name, the content
SELECT  FROM query WHERE query = ""name"" AND query = 'description' AND query_id = '0'.
If the query contains a description, the
SELECT  FROM query WHERE query = 'data' AND query = ""dataset"" AND query_name = 'Data' AND data_type
Its size (inches)
This data can be used for further analysis purposes by the following methods:
(a) Extracting the data
If you do not want to display the content, you can use the following command:
SELECT  FROM query WHERE content = 'Content'
If the content contains a query, the content will be extracted by using the following method:
SELECT  FROM query WHERE query = ""name"" AND query = 'description' AND query_
If the query contains a description, the content should be extracted
If there is no matching data, the content will be returned empty.
This is because the content has been extracted using the same method used by the query
SELECT  FROM query WHERE query = 'A' AND query = ""B"" AND query_id = 'C' AND
SELECT
FROM queryWHERE query =
SELECT  FROM query WHERE query = 'SATURDAY' AND query = ""Monday""
WHERE query =  AND query= 'Tuesday'
AND query =
SELECT  FROM query WHERE content = 'http://www.sunserver.com/'.
ORDER BY content;
WHERE content = ""
If you have any questions about the extraction process
All the heading data for the query is extracted from the query itself (the content).
This includes the headtohead comparisons between the query and the content.
If there is no match, the content will be returned as a list
SELECT  FROM query WHERE query = ""A"" AND query = 'B' AND query_id = 'C' AND
This is a clean, unstructured list of data.
It should contain only the following information:
SELECT  FROM query WHERE query = ""Jupiter"" AND query = 'Aquarius' AND query_id = '0' AND
FROM query
SELECT  FROM query WHERE content = 'http://www.
SELECT  FROM query WHERE query = 'http://www.jupiterplanet.com/', query_id = 'JUPITER' AND query_name = 'C
All the headINGS (headings) must be extracted from the query, and the content must be formatted as a list of item(s).
If there is no matching data for the headING, the query will fail.
For example,
For example, if you want to find out whether the Sun has formed a cloud over the North
If the content is not extracted, the query will fail with a ""no match"" error message.
This is because the content has been extracted
If the content is not extracted, it will be returned as a blank list.
For example, if the content contains the following:
""A planet with
If you have any questions about the content, please contact us.
We will do our best to help you understand the content's purpose but we cannot guarantee that it will work for your query.
If the content is extracted from a query, it should be extracted using the following methods:
SELECT  FROM query WHERE content = 'http://www.googleap
SELECT  FROM query WHERE query = 'http://www.googleapis.com/search?q=&hl=en&sa=X&ved=0
All the headINGS (headings) are extracted from the query, but only the first two lines contain the content.
# ls l '
All the heading elements have been extracted from the query, except for the following:
FROM query where query =
SELECT  FROM query WHERE content = '{""name"":""B
All the heading data is extracted from the query, but only the information about the planet itself (name, age, location) can be extracted.
This is done using the following methods:
Extract the planet name from the planet's name
All the heading data is extracted from the query, but only the information about the headtohead relation between the two objects (the ""H"" and ""L"") can be used for analysis purposes.
For example, if the H
This is a list of all the items in the content.
Name of the item(
SELECT  FROM query WHERE query = ""A"" AND query = """" AND query_id = ""5"", WHERE query_name = ""B""
A description of the data set (eases into the query)
An explanation of how
This is an extract for the content.
It should be formatted as follows:
SELECT  FROM query WHERE content = 'Ice
If you have any questions regarding this, please contact me at .
SELECT  FROM query WHERE query = 'A' AND query = ""B"" AND query_id =
SELECT  FROM query WHERE query = ""name"" AND query = 'description' AND query_id = 'Name' AND
query_type = 'text/html' AND WHERE query
SELECT  FROM content WHERE content_ids
SELECT  FROM query WHERE query = ""name"" AND query = 'description' AND query_id = 'Name' AND name = 'Description'.
If the
SELECT  FROM query WHERE query = ""GODDAMN""
WHERE query = 'godsaw'
SELECT FROM query where query = ''
SELECT  FROM query WHERE query = 'Jupiter' AND query = ""Aquarius"" AND query_id = '0' AND name = 'Celestial' AND search_query = 'Aquarian' AND return 'Yes
If you do not want to extract the content yourself, you may use the following methods:
1
All the heading data must be extracted from the query (the query contains only the headers).
SELECT  FROM query WHERE head = 'head' AND head = ""name"" AND head_id = '0'.
A description of the data
An explanation of how the data was extracted from the query
Name (name)
Date (date)
If you have any questions about the content, please contact me at:
info@solarisplanet.com
This is a
FROM queryWHERE query
If the content is not extracted, the query will fail.
For example, if the query contains the following content:
""Jupiter is a planet with a radius of 2.5
It contains only the information needed for the
This includes the following:
a. The name of the object;
b. The location of the source;
c. The type of
This is a clean, unstructured list of all the items in the list.
If you have any questions about the content extraction process please contact us at info@jupitergases.com.
We will gladly assist you!
To create a new planet (if there exists one)
For the purpose of creating a new planetary system
As an example of how to use this method on
SELECT  FROM query WHERE query = 'Jupiter' AND query = ""Aquarius"" AND query_name = 'Carnival' AND
SELECT  FROM query WHERE query = ""Content"" AND query = 'content'
WHERE query = """" AND query= 'text/html';
SELECT FROM
All the heading data is extracted into a clean, clean list with no additional text added (except for the ""no"" box).
This is a clean and clear list of all the data.
It contains only the
SELECT  FROM queries WHERE
SELECT  FROM query WHERE query = ""data"" AND query = """" AND query_id = ""0x00f9e8c7a
To generate a list of all the items in the list;
For the purpose of generating a list with the same name as the query;
a description of the person who lives there
an address for the person living there
SELECT  FROM 'country'
and formatted as a list of item(s), each containing only the following information:
If you do not want to extract the content, you can use the following command:
SELECT  FROM query WHERE content = 'rainfall' AND content_type
SELECT  FROM query WHERE content = 'Uranus'
All the heading data is extracted from the query, but the content itself remains unchanged (except for the text).
This is the text that is used when the query is executed.
It contains the following information:
All the headINGS are extracted by using the following method:
SELECT  FROM query WHERE query = ""name"" AND query = 'description' AND query_id = 'title' AND name = 'Name' AND description = 'Title'
All the heading data must be extracted from the query (the content itself).
This is a clean, clean list containing only the information you need for the query to work properly.
If there's an error, please
SELECT  FROM query WHERE query = 'Aquarium' AND query =
WHERE query = ""Aquaria"" AND query= 'Aqua
All the headINGS are extracted from the query, except for the following:
Name:
Description:
Category:
Subject:
Message:
Text:
Data:
(Note: The
All the headINGS have been extracted into a clean, clean list with no explanation, label, or extra text. The data has been formatted as a list of all the items in the list (one per line).
COMPANIES:
All the headINGS are extracted from the query, but only the data that matches the content.
If there is no match for any of the headINGs, the query will be returned with the following message:
""This query has been processed
A description of the object (eGrammar, spelling, etc.)
All the heading elements are extracted into a clean, clean list with no additional text added (except for the title).
This is a clean and simple list of all the data that can be extracted using the query above.
All the headINGS are extracted into a clean, clean list with no additional text added (except for the ""no other data"").
This is a clean and clear list of all the data that matches the data in the original
This is a list of all the items in the output.
If there are more than one item in the
If the content is extracted from a query, it should contain only the data that matches the data.
SELECT  FROM query WHERE content = 'http://www.googleapis'.
WHERE content = ""https
All the headINGS in the text box are extracted into a clean, clean list.
If there's an error with the extraction process, please contact us at info@jupiterimages.com for assistance.
We will do our best to
All the headINGS are extracted into a clean, clean list.
This is the only way to get the full content of the query (the rest will be added later).
If you want to add more headings, please use the ""Add
If you want to see the content in its original form, you can use the
""View Content"" button at the top right corner of the screen (the
same button used
SELECT  FROM query WHERE query = ""A"" AND query = '
If you have already extracted the content, then you can use the following command to extract it again:
This data includes the following images (in order):
A red dot on the right side of the image
An image of the Great Black Spot
All the headINGS (headings) are extracted from the query by using the following method:
SELECT  FROM query WHERE query = ""name"" AND query = 'description' AND query_id = 'title' AND name = 'storm
All the headINGS (headings) are extracted from the query, but only the first two lines.
If there's more than one heading, the first three lines will be removed.
For example, if you have a query that contains
All the heading data for this storm has been extracted from the following sources:
NOAA's Global Weather Forecast System
NASA's Earth Observing
All the heading data is extracted from the query, but only the information about the source (name) and the origin (source name).
A single source can be used for each query. The source must have
SELECT  FROM query WHERE query = 'http://www.googleapis'.
WHERE query = ""https://www/search?q=Google+Search&hl=en&sa=X"" AND query = """" AND query_id
A description of the data (e.g., a description of a storm)
An explanation about how it works
Explanations for why it's important
An explanation of how the data was obtained from the data source
Explanation of why the data is being extracted
Description
This is because the query contains only the data required for the extraction process.
For example, if the query
A summary of each item's description.
SELECT  FROM query WHERE item = 'A' AND item_
This content contains the following data:
A description of the location
An image of the Earth
Description of the planets
Information about the
All the other lines contain only the headINGs.
All the headINGS (headings) in the output.
If there's no matching headings, return the following:
""None matching content.""
SELECT  FROM  WHERE  IS NOT A HEADING
If you want to add additional information such as a label, description, or other text, please use the following command:
#include <stdio.h>
#define C_
If you have any questions about this, please contact us at info@jupytercore.com.
We will do our best to help you with
SELECT  FROM query WHERE query = ""search"" AND query = 'Search' AND query_id = '1234567890189' AND search_name = 'searchurl' AND name = 'http://www.google.
All the headINGS are extracted from the query, but only the headINGs are used for the content extraction.
If you want to use the headKINGs (the headKING) for the extraction, you must first extract the head KINGS
(a)
This is a list of all the data points in the content extracted by your query. The data points may be grouped according to their location (e.g., by name), date/time, or other criteria.
For
If the query contains a description, the content will be extracted
This is a list of the contents of the query, which can be used for further analysis
If you have any questions about the content, please contact us at info@jupitersatellite.com.
We look forward to hearing from you
If you have any questions about the content, please contact me at .
SELECT  FROM  WHERE
FROM query where query
All the heading data is extracted from the query, but only the content that matches the content.
If there's no match, the content will be returned as a blank list with no explanation.
For example, if you have a query that
If there is no matching data, return the empty list.
If the content does match, return a clean output with no explanation, label, or extra
a) The name of the planet (if it exists),
b) The planet's orbit,
c) The size of the planets' orbits relative to the Sun,
d) The number of
All the heading data is extracted from the query, but only the information related to the query itself (e.g., the name of the planet).
This is a clean, clean list with no additional text added by
All content must be extracted from the query itself (e.g., the content of the query should be extracted into a clean, unstructured list).
If you have any questions regarding the content extraction process, please contact us at info@j
All the heading data for the planet.
ALL HEADING DATA FOR THE PLANET
SELECT  FROM  WHERE  IS NOT A JOIN
WHERE  IS A JOINT AND WHERE  IS
SELECT  FROM query WHERE query = ""Jupiter"" AND query = 'Aquarius' AND query_id = '8' AND
SELECT  FROM [{'name': 'Coral', 'description': 'A large, rocky planet with an atmosphere of carbon dioxide and methane.'}, {'position:' 'north
SELECT  FROM query WHERE query = ""http://www.google.com/search?q=&hl=en"" AND query = """"
If you have any questions about this, please contact me at .
SELECT  FROM query WHERE query = 'Content' AND query = ""Content""
WHERE query = , ;
If the content is not extracted
All the heading data (including the text) must be extracted from the query by using the following methods:
SELECT  FROM query WHERE query = ""ContentType: application/json"";
WHERE query = 'ContentLength: 1
SELECT  FROM query WHERE query = ""Jupiter"" AND query = 'AstroDome' AND query_name = 'Jupiter' AND name = 'Binary' AND date = '19012019' AND timezone
This is a clean, unstructured list of content.
COMMENTARY:
This is a very useful tool when you want to find out how many words are missing from a query. It can also help you identify which
SELECT  FROM query WHERE query = ""Jupiter"" AND query = 'Aquarius' AND query_name = 'Carnival' AND
If you have any questions about the content, please contact us at info@jupitersolaris.com.
We can also provide you with a sample query for you to use if
SELECT  FROM query WHERE query = 'Jupiter' AND query =
WHERE query = 14 AND query_id = '13';
AND query_name = 'Aqu
All the headINGS are extracted from the query, but only the content that matches the content in the original query. The content must be extracted using the same method used for the original queries.
If you have any questions about the content extraction process please
All the headINGS are extracted from the query, but only the content that directly corresponds to the query (the content that is not the subject of the query).
If there is no matching Content, return the ""No Matching Content Found"" message
SELECT  FROM query WHERE query = ""In Alliance""
""name"" of the source;
""location"";
SELECT  FROM query WHERE content = 'a' AND content = ""b"" AND content_type = 'text' AND text_content = 'c
If you have any questions about the content extraction process, please contact us at info@thesquaresearching.com.
We will gladly
A description of the objects
An explanation of how they were created by the creator
Explanation of the origin of the properties of the material
All the headINGS are extracted from the query, but only the heading that matches the content.
If there is no matching headings, return the following:
""No matching heading found.""
If you do not want to display the content, simply click the ""Show Content"" button at the bottom right corner of the screen.
This will show
This is a clean, unstructured list of the content.
SELECT  FROM query WHERE text = ""text"" AND text_type = ""string"";
If the query contains a string, the
All the headINGS are extracted from the query, but only the information related to the query itself (e.g., the name of the person who wrote it).
This is a clean, unstructured list of the
If there's an error with the extraction, please report it here so we can fix it ASAP!
Extracting the content from the source (the source is the source code)  Extracting it from the database (using the database's database table)  Using the database table
If you have any questions regarding this procedure please contact me at .
SELECT  FROM query WHERE query = 'Jupiter' AND query = ""
""A list of all the items in the table.""
""All the items on the table with the same name.""
"" All the items with the exact same name...""
A description of the object (e.g., a planet with a radius of 1 km).
An image of the surface of the
A description of the object (a description of its position relative to the Earth's surface).
An image of the spacecraft
SELECT  FROM query WHERE content = 'A' AND content_id = 'a';
A. The name of the planet.
B. The planet's name.
C. The number of stars within the planet (the number of planets in the solar system).
D.
SELECT  FROM query WHERE query = ""name"" AND query = 'description' AND query_id = '5'.
SELECT  FROM query WHERE query = 'Jupiter' AND query = ""AstroBirds"" AND query_name = 'Astronauts' AND search_type = 'ARTS'
Extract the content into a clean, formatted list (one per line).
Format the data as a list of item(s) with the name of each item being included.
SELECT  FROM query WHERE query = 'Jupiter' AND query = ""Hohmann""
If the query
SELECT  FROM query WHERE query = ""data_type"" AND query = 'data'
WHERE query =  AND query= 'data',
A description of the data collected by the spacecraft
An explanation of the results obtained from the analysis
HISTORY:
Jupiter was discovered on July 20th, 1859 by the Dutch astronomer Johannes Kepler.
It has been named after the Greek god Jupiter.
SELECT  FROM query WHERE query = 'Jupiter' AND query = ""Anticromos"" AND query_name = 'Pioneer' AND
FROM
All the headINGS (headings) were extracted from the query, but only the heading(s).
If you want to extract more than one headING, use the following command:
# ls l 'Jupiter'
Data Set:
(A)
""Cassini""
Date:
July 1st, 2001
This data set contains the following data
This is a clean, clean list with no explanation, label, or extra text. The only exception would be if the query contains a reference to
SELECT  FROM query WHERE query = ""Io"" AND query = 'Aquarium' AND query_name = 'Jupiter' AND name = 'Paleontology' AND search_type = 'text/html' AND type
All the heading data for the query is extracted from the query itself (the data is then returned).
SELECT  FROM query WHERE query = ""Jupiter"" AND query = 'GODDAMN' AND query_name = '
All the headINGS are extracted from the query, but only the heading data is included (see the ""Data"" section).
If you want to extract more than one headING, you can do so by using the ""Extract Headings
SELECT  FROM query WHERE content = 'Jupiter' AND content = ""Mars"" AND content_type = 'text/html';
SELECT  FROM
NASA/NASA/ESA/JPLCaltech
ESA/Nasa/Space Science Institute
NRC/NASA
J
All the headINGS (headings) from the query are extracted by using the following method:
SELECT  FROM query WHERE headING = 'GEOGRAPHIC' AND headING_ID = 'COPYRIGHTED'
Extracting the data by hand (using the Excel tool)
Using the SQL tool (with the help of the Excel Toolbox)
SELECT  FROM data WHERE data = 'data
This is a list of all the data that is extracted from the query by using the EXTRACTION function.
If you
All the headINGS (headings) are extracted by using the following command:
# ls l 'jupiter'
# lsh i 'Jupiter' | grep 'nasa jp_data'
COMMENTARY
A description of the objects' location on the planet
An explanation of how the object was acquired
Number:
Summary:
Total:
Percentage:
Include:
Ex
This is a list of all the data points that were extracted for the query (in the form of a list).
If you have any questions about the content, please contact us at info@
Name of the moon
Number of stars (including the moon)
Time period for the last time the planet was visible
Date of last sighting
This is a clean, clean list with no additional text added by the author.
If you have any questions about this, please contact me at
SELECT  FROM query WHERE query = 'Jupiter' AND query = ""Comets"" AND query_id = 'cobrad
A description of the objects' properties such as size, weight, orientation, and color.
""This is a list of all the data points in the data set. The data sets are sorted by the number of data points they contain.""
All the data in
http://www.solarplanet.com/data_files/SVN01.html
https://github.com/#!/solarplanetscience/l
NASA/ESA Hubble Space Telescope, and the location of the moon.
# ls l /var/log/jquery_
If the content is not present, the content will be returned empty.
This is because the content has been extracted by the content extractors.
It
# ls l /var/log/jquery
If you have a query with a list containing only headings, you can extract the entire query by using the following command:
If you have already extracted the content, then you can use the following command to do so:
# ls l 'content
Name (in brackets)
Date (in parentheses)
This data is used for the following purposes:
To determine if the query contains any missing data;
For the
If there's an error, please correct it by returning ""Error: No matching content was found.""
SELECT  FROM query WHERE query = 'Ganymedes' AND
All the headINGS (headings) in the data set are extracted using the following methods:
SELECT  FROM data_set WHERE headING = 'GOD' AND headING.name = 'CALLISTO'
WHERE head
All the headINGS are extracted from the query, but only the headINGs are included here (the rest will be removed).
SELECT  FROM query WHERE headING = 'Jupiter' AND headING_HIDDEN = 'A
SELECT  FROM query WHERE query = 'Io' AND
This is a very good example of a query that can be used for a variety of purposes. It has been well documented by
All the heading data is extracted from the query, but only the information related to the query itself.
If you want to extract more than one item at a time, you can do so with the following command:
# ls l /
All the headINGS (headings) from the query are extracted into a clean, formatted list with the following formatting:
HEADING:
Heading:
Body:
URL:
Header
All the headINGS (headings) from the query are extracted into a clean, clean list.
If there is no matching data for any heading, return the query with the missing data.
For example, if the query contains headings
If the content is extracted from a query, it should be formatted as a list of item names with the following formatting:
Name
All the headINGS (headings) are extracted from the query, and the content is returned as a list of all the items in the list.
All the headINGS are in the following format:
SELECT  FROM  WHERE .headINGS = 'Hektor' AND , ;
This is a clean, clean list
If there is no matching headings, the output will be a clean, unstructured list of all the data points.
SELECT  FROM query WHERE head = ' Jupiter' AND head = "" Jupiter"" AND head_id = '0'
If you have any questions about this, please contact us at info@jupiterdata.com.
We will do our best to help you with your queries
SELECT  FROM query WHERE content = 'Jupiter' AND content = ""Earth"" AND content_type = 'text/
Extract the content by using the ""Extract Content"" option (see below).
Use the ""Excel"" option for extracting the content.
Select the ""Content"" option
COMPATIBILITY:
This is a very simple query; you can use any query engine for this purpose.
If you have any questions about this
A description of the object (a description of its size, shape, and composition).
An image of the asteroid (an
All the heading was extracted from the query, but the content was not included in the output.
This is because the query contains only the headtohead comparison between the two queries (the first query has the head to head comparison).
SELECT  FROM query WHERE query = ""ContentType: application/xml""
WHERE query = 'ContentLength: 4' AND query = ""'ContentWidth: 16'""
This data includes the following:
A description of the object's origin (a
SELECT  FROM query WHERE query = 'Jupiter' AND query = ""Aquarius"" AND query_id = '0' AND name = 'jupiter'
This is a clean, clean list with only
SELECT  FROM query WHERE query = 'Babylonian' AND query = ""Cairo"" AND query_id = 'cairo' AND
SELECT  FROM query WHERE query = ""head"" AND query = 'name' AND query_id = '0'.
If the query contains a name, the content will be extracted
http://www.jupiterimages.com/index.php?id=12&page_name=Jupiter
http www.cnn.com / jupiter images
http http://
All the heading data must be extracted from the query, but only if it contains the following information:
A description of the planets' characteristics
An explanation about the planet's origin
Description of
All the headINGS are extracted from the query, but only the first two lines are included here.
If you want to add more headings, please use the following command:
# grep i 'phat'
All the headINGS (headings) must be extracted into a clean, formatted list with no additional text added.
If there is no matching headings, return the following error message:
""This query does not contain any matching content.""
All the headINGS (headings) are extracted into a clean, clean list with no explanation, label, or extra text. The content is then returned as a list of all the items in the list.
If there is no matching
All the headINGS are extracted into a clean, clean list with no additional text added by the author.
SELECT  FROM query WHERE query = ""name"" AND query = 'description' AND query_id = 'title' AND name = 'Name' AND
If you have any questions about the content extraction process, please contact us at info@v
All the headINGS are extracted into a clean, clean list with no additional text added.
If there is an error, please contact us at info@takfirsultan.com for further assistance.
We will do our best
SELECT  FROM query WHERE query = ""C:\Program Files\Microsoft Office\Office 2010\Excel\Documents\2010_0102_00.txt""
WHERE query = 'C:\Users\<username>' AND query
If you have any questions about the content extraction process, please contact us at info@sjhc.com.
We will do our best to help you understand how to extract content for
SOLUTION:
To extract the content, use the following command:
# grep i ""solar system""
NOTE:
If you have a query with a query string
Extract the content from the source code (e.g., C#)
Convert the source into a list of all the items in
This is a list of all the items in the list. The first item on this list contains the name of the item.
If you want to add more items, please use the following command
http://www.wikipediaproject.org/index.php?title=WikiProject%20and%20the+Worlds+most+famous+people&amp;
This is a list of all the articles related to the topic of the query (e.g., ""What is Wikipedia?"").
If you have questions regarding the content of this list, please contact me at .
NOTE
All the headINGS
COPYRIGHT:
This work may be reproduced without permission from the author(s) and/
This is a list of all the items in the list. The first item on this list contains the name of the user who created the account (the user ID). The second item contains the user
I have used the following methods for extracting content from the query:
(i) Extracting the content from a query (e.g., the following):
This method
If you have any questions regarding the content, please contact me at
http://www.michaelkorsonline.com/contactus/.
I am a
QUERY: all the headings
""><span>Talk</span></a>
<a class=""vectortoclink"" href=""#"">
<div class=""vectortoctext"">(Top)</div>
</a>
<a class=""vectortoclink"" href=""#Name_and_symbol"">
<div class=""vectortoctext"">
<span class=""vectortocnumb"">1</span>
<span>Name and symbol</span>
</div>
<a class=""vectortoclink"" href=""#Formation_and_migration"">
<span class=""vectortocnumb"">2</span>
<span>Formation and migration</span>
<a class=""vectortoclink"" href=""#Physical_characteristics"">
<span class=""vectortocnumb"">3</span>
<span>Physical characteristics</span>
<a class=""vectortoclink"" href=""#Composition"">
<span class=""vectortocnumb"">3.1</span>
<span>Composition</span>
<a class=""vectortoclink"" href=""#Size_and_mass"">
<span class=""vectortocnumb"">3.2</span>
<span>Size and mass</span>
<a class=""vectortoclink"" href=""#Internal_structure"">
<span class=""vectortocnumb"">3.3</span>
<span>Internal structure</span>
<a class=""vectortoclink"" href=""#Atmosphere"">
<span class=""vectortocnumb"">3.4</span><br />
Amosphere</div>, <b>atmosphere.</b>
WHERE query = 'Content' AND query = ''
ORDER BY query
http://www.japantimes.com/news/article_0,,002669,002701,002812,002909,003021,00
http://www.japantimes.com/news/?p=838
http://www...
http://en.wikipedia.org/wiki/Pseudo
http://www.google.com/search?q=nasa+satellite+spacecraft&hl=en&sa=X&ei=0x7c9f8
SELECT  FROM jquery_search WHERE query = ""http://www.googleapis.com/""
WHERE query.name=&quot;https://website
<p><strong>Title</strong>: <em>A Brief History of the Internet</em>.
</p>
SELECT  FROM JUPITER_SCHEMA WHERE 'jupiterschm' = 'http://www.googleapis.com';
If you want to use
http://jupyter notebook.com/~kirby/index.html
http://wikipedia.org/#search?q=sun&r=0&s=
http://en.wikipedia.org/wiki/List_of_items
I am not sure if this is a bug but I have noticed that the list of articles has
Click here for more information."" class=""mwfileelement"" datafileheight=""185"" datafilewidth=""180"" decoding=""async"" height=""20"" src=""//upload.wikimedia.org/wikipedia/en/thumb/9/94/Symbol_support_vote.svg/20pxSymbol_support_vote.svg.png"" srcset=""//upload.wikimedia.org/wikipedia/en/thumb/9/94/Symbol_support_vote.svg/40pxSymbol_support_vote.svg.png 1.5x"" width=""19""/></a>
<a href=""/wiki/Wikipedia:Protection_policy#semi"" title=""This article is semiprotected.""><img alt=""Page semiprotected"" class=""mwfileelement"" datafileheight=""512"" datafilewidth=""512"" decoding=""async"" height=""20"" src=""//upload.wikimedia.org/wikipedia/en/thumb/1/1b/Semiprotectionshackle.svg/20pxSemiprotectionshackle.svg.png"" srcset=""//upload.wikimedia.org/wikipedia/en/thumb/1/1b/Semiprotectionshackle.svg/40pxSemiprotectionshackle.svg.png 1.5x"" width=""20""/></a>
<a href=""/wiki/Jupiter_(god)"" title=""Jupiter (god)"">Jupiter (god)</a>
<a class=""mwdisambig"" href=""/wiki/Jupiter_(disambiguation)"" title=""Jupiter (disambiguation)"">Jupiter (disambiguation)</a>
<a class=""mwfiledescription"" href=""/wiki/File:Jupiter_OPAL_2024.png""><img alt=""An image of Jupiter taken by NASA's Hubble Space Telescope"" class=""mwfileelement"" datafileheight=""1639"" datafilewidth=""1810"" decoding=""async"" srcsets=""//www.flickr.com/photos/joey@nasa.gov/sites/default/files/styles/large/public/JUPITER_2020_200502101_0.jpg?
</span></a>
<a href=""/wiki/Help:IPA/English"" title=""Help:IPA/English"">/<span style=""borderbottom:1px dotted""><span title=""/ˈ/: primary stress follows"">ˈ</span><span title=""/dʒ/: 'j' in 'jam'"">dʒ</span><span title=""/uː/: 'oo' in 'goose'"">uː</span><span title=""'p' in 'pie'"">p</span><span title=""/ɪ/: 'i' in 'kit'"">ɪ</span><span title=""'t' in 'tie'"">t</span><span title=""/ər/: 'er' in 'letter'"">ər</span></span>/</a>
<a arialabel=""Play audio"" class=""oouibuttonElementbutton"" href=""//upload.wikimedia.org/wikipedia/commons/transcoded/c/c5/EnusJupiter.ogg/EnusJupiter.ogg.mp3"" rel=""nofollow"" role=""button"" tabindex=""0"" title=""Play audio""><span class=""oouiiconElementicon oouiiconvolumeUp""></span><span class=""oouilabelElementlabel""></span><span class=""oouiindicatorElementindicator oouiindicatorElementnoIndicator""></span></a>
<a href=""/wiki/File:EnusJupiter.ogg"" title=""File:EnusJupiter.ogg"">ⓘ</a>
<a href=""#cite_note2""><span class=""citebracket"">
INSTRUCTIONS:
Analyze the content and extract ONLY the information that directly matches the query.
Format the output as a clean list of items, one per line.
Do not include any explanations, labels, or additional text.
If no matching content is found, return ""No matching content found.""
If there is no matching data, return the same result.
If the output contains more than one item, return a single item.
If you have trouble finding the correct item, use the
If content is not found
<a href=""/wiki/Jupiter_(god)"" title=""Jupiter (god)"">Jupiter</a>
<a href=""/wiki/List_of_adjectivals_and_demonyms_of_astronomical_bodies"" title=""List of adjectivals and demonyms of astronomical bodies"">Adjectives</a>
<a class=""extiw"" href=""https://en.wiktionary.org/wiki/Jovian"" title=""wikt:Jovian"">Jovian</a>
<a href=""/wiki/Help:IPA/English"" title=""Help:IPA/English"">/<span style=""borderbottom:1px dotted""><span title=""/ˈ/: primary stress follows"">ˈ</span><span title=""/dʒ/: 'j' in 'jam'"">dʒ</span><span title=""/oʊ/: 'o' in 'code'"">oʊ</span><span title=""'v' in 'vie'"">v</span><span title=""/i/: 'y' in 'happy'"">i</span><span title=""/ə/: 'a' in 'about'"">ə</span><span title=""'n' in 'nigh'"">n</span></span>/</a>
<a class=""mwredirect"" href=""/wiki/Planet_symbols"" title=""Planet symbols"">Symbol</a>
<a class=""mwfiledescription"" href=""/wiki/File:Jupiter_symbol_(bold).svg"" title=""♃""><img alt=""♃"" class=""mwfileelement"" datafileheight=""16"" datafilewidth=""16"" decoding=""async"" height=""24"" src=""//upload.wikimedia.org/wikipedia/commons/thumb/7/78/Jupiter_symbol_%28bold%29.svg/24pxJupiter_symbol_%28bold%29.svg.png"" srcset=""//upload.wikimedia.org/wikipedia/commons/thumb/7/78/"" /></a></div>
Astronomy
In astronomy, the word ""star"" refers to an object or phenomenon
<a href=""/wiki/Epoch_(astronomy)"" title=""Epoch (astronomy)"">Epoch</a>
<a class=""mwredirect"" href=""/wiki/J2000"" title=""J2000"">J2000</a>
<a class=""mwredirect"" href=""/wiki/Perihelion_and_aphelion"" title=""Perihelion and aphelion"">Aphelion</a>
<a href=""/wiki/Astronomical_unit"" title=""Astronomical unit"">AU</a>
<a href=""/wiki/Kilometre"" title=""Kilometre"">km</a>
<a class=""mwredirect"" href=""/wiki/Perihelion_and_aphelion"" title=""Perihelion and aphelion"">Perihelion</a>
<a href=""/wiki/Semimajor_and_semiminor_axes"" title=""Semimajor and semiminor axes"">Semimajor axis</a>
<a href=""/wiki/Orbital_eccentricity"" title=""Orbital eccentricity"">Eccentricity</a>
<a href=""/wiki/Orbital_period"" title=""Orbital period"">Orbital period (sidereal)</a>
<a href=""/wiki/Julian_year_(astronomy)"" title=""Julian year (astronomy)"">yr</a>
<a class=""mwredirect"" href=""/wiki/Solar_day"" title=""Solar day"">solar days</a>
<a href=""#cite_noteplanet_years4""><span class=""citebracket"">
If you have any questions about the output, please contact me at .
If the output does not match the query, please send me an email with the following information:
Date
Time
Number
Type
Title
Summary
Subject
Message
Value
Data
Excel
This is a list of the items that were extracted for the query (the ""items"")
and the corresponding content. The following table shows the contents of each item.
(Note: the
SELECT  FROM [ <span class=cite>http://www.sun.com/search?query=&q=&s=&t=&u=&w=&
SELECT  FROM [<span style=""color:#000000;"">soumi_sukiyaki_bakugo_taiyo_jitsu_kata_shim
This is a list of the items that were extracted for the query (in order).
If you want to see the full list, click on the ""View Full List"" button at the top
0
(Note: The content may be removed if it does not match the query.)
This work is licensed under a Creative Commons AttributionNonCommercial
SELECT  FROM [ <span class=cite>
WHERE <span> = <span style='color:#000000'><span class='cite'>
OR <span >
(C) The content of the query is extracted using the following methods:
This method uses
WHERE <span> <span><span>
</sup> <b>
</b> <i>
&n
Length
Citation
Text
List
Table
Excerpt
Example
This
# grep i 'equator'
This command
Body
Location
CATEGORIES:
(all)
DESCRIPTION:
This is a list of all the fields in the data.
It contains the name of the field (e.
Categories:
()
This is a list of categories for the content.
A summary of
This is a very useful tool for people who want to understand the context behind a query. It's also
If you want to view the content without having to click on the button, simply drag the
Exact location
Data type
This is a list of all the items in the list. The first item on this list contains the name of the item (the name of a keyword).
If you want to add more
ALBERTOS
A description of the species, its habitat, and its range (including the location of its distribution).
CITIZENS
An explanation of the population
If you want to see the content in its original form, you can use the following command:
# grep i p r s u d
BODY:
{
}
DETAILS:
This data was
This work is licensed under a Creative Commons AttributionNonCommercialShareAlike 3.0 Unported License (CC BYNCSA 3.5).
If you want to see the contents of the query, use the following command:
SELECT  FROM [<span>18</span><span class=cite>{
(C) The content of the query (including the data used for the query).
(D) The data used by the query to generate the data.
(E)
Include
Excluded
<a href=""/wiki/Scale_height"" title=""Scale height"">Scale height</a>
<a href=""/wiki/Atmospheric_chemistry#Atmospheric_composition"" title=""Atmospheric chemistry"">Composition by volume</a>
<a href=""/wiki/Hydrogen"" title=""Hydrogen"">hydrogen</a>
<a href=""/wiki/Helium"" title=""Helium"">helium</a>
<a href=""/wiki/Methane"" title=""Methane"">methane</a>
<a href=""/wiki/Ammonia"" title=""Ammonia"">ammonia</a>
<a href=""/wiki/Hydrogen_deuteride"" title=""Hydrogen deuteride"">hydrogen deuteride</a>
<a href=""/wiki/Ethane"" title=""Ethane"">ethane</a>
<a href=""/wiki/Water"" title=""Water"">water</a>
<a href=""/wiki/Planet"" title=""Planet"">planet</a>
<a href=""/wiki/Sun"" title=""Sun"">Sun</a>
<a href=""/wiki/List_of_Solar_System_objects_by_size"" title=""List of Solar System objects by size"">largest in the Solar System</a>
<a href=""/wiki/Gas_giant"" title=""Gas giant"">gas giant</a>
<a href=""/wiki/Jupiter_mass"" title=""Jupiter mass"">mass</a>
<a href=""/wiki/Solar_System"" title=""Solar System"">Solar System</a>
<a href=""/wiki/Earth"" title=""Earth"">Earth</a>
<a class=""mwredirect"" href=""/wiki/Gigametre"" title=""Gigametre"">Gm</a>
<a href=""/wiki/Orbital_period"" title=""Orbital period"">orbital period</a>
<a href=""/wiki/Julian_year_(astronomy)"" title=""Julian year_(astrobiology))"">Julian years (astrophysics)</a><br />
<p>The following table shows the number of years between the date of the first observation and the date when the first observations were made, as
SELECT  FROM query WHERE content = 'http://www.googleapis'.com';
If content is
<a href=""/wiki/Metallic_hydrogen"" title=""Metallic hydrogen"">metallic hydrogen</a>
<a href=""/wiki/Magnetic_field"" title=""Magnetic field"">magnetic field</a>
<a href=""/wiki/Eddy_current"" title=""Eddy current"">eddy currents</a>
<a href=""/wiki/Solar_wind"" title=""Solar wind"">solar wind</a>
<a href=""/wiki/Magnetosphere"" title=""Magnetosphere"">magnetosphere</a>
<a href=""/wiki/Moons_of_Jupiter"" title=""Moons of Jupiter"">95 moons</a>
<a href=""/wiki/Galilean_moons"" title=""Galilean moons"">four largest moons</a>
<a href=""/wiki/Io_(moon)"" title=""Io (moon)"">Io</a>
<a href=""/wiki/Europa_(moon)"" title=""Europa (moon)"">Europa</a>
<a href=""/wiki/Ganymede_(moon)"" title=""Ganymede (moon)"">Ganymede</a>
<a href=""/wiki/Callisto_(moon)"" title=""Callisto (moon)"">Callisto</a>
<a href=""/wiki/Mercury_(planet)"" title=""Mercury (planet)"">Mercury</a>
<a class=""mwredirect"" href=""/wiki/Planetary_ring"" title=""Planetary ring"">planetary rings</a>
<a href=""/wiki/Rings_of_Jupiter"" title=""Rings of Jupiter"">rings of Jupiter</a>
<a href=""/wiki/Torus"" title=""Torus"">torus</a>
<a href=""/wiki/Galileo_Galilei"" title=""Galileo Galilei"">Galileo Galilei</a>
<a href=""/wiki/List_of_missions_to_the_outer_planets"" title=""List of missions to the outer planets"">visited by</a>
<a class=""mwredirect"" href=""http://www.jpl.nasa.gov/"" title=""NASA's list of missions for the outer worlds"" />
<b><br/>The list includes missions that have been completed, or will be completed soon.</b></p
This is a list of
<a class=""mwredirect"" href=""/wiki/Planetary_symbol"" title=""Planetary symbol"">planetary symbol</a>
<a class=""mwfiledescription"" href=""/wiki/File:Jupiter_symbol_(fixed_width).svg"" title=""♃""><img alt=""♃"" class=""mwfileelement"" datafileheight=""16"" datafilewidth=""16"" decoding=""async"" height=""16"" src=""//upload.wikimedia.org/wikipedia/commons/thumb/d/d0/Jupiter_symbol_%28fixed_width%29.svg/16pxJupiter_symbol_%28fixed_width%29.svg.png"" srcset=""//upload.wikimedia.org/wikipedia/commons/thumb/d/d0/Jupiter_symbol_%28fixed_width%29.svg/24pxJupiter_symbol_%28fixed_width%29.svg.png 1.5x, //upload.wikimedia.org/wikipedia/commons/thumb/d/d0/Jupiter_symbol_%28fixed_width%29.svg/32pxJupiter_symbol_%28fixed_width%29.svg.png 2x"" width=""16""/></a>
<a href=""/wiki/Zeta"" title=""Zeta"">zeta</a>
<a href=""/wiki/Scribal_abbreviation#Forms"" title=""Scribal abbreviation"">horizontal stroke</a>
<a href=""#cite_notejones199925""><span class=""citebracket"">
If no matching content is found, then the output will be a blank page with no explanation.
If you have any questions about the output please contact me at james@theshadowing.com.
If there's anything else I can do
</sup> <b>Name</span>, <span >
</b
This is a list of all the items in the list. The first item on this list contains the name of the user who created the query (the user's name).
If you want
# grep i ""content""
This command extracts the content from
Excerpt:
This is the content that was extracted by using the 'q' command.
If you want to use the 'Q' command again, you must first extract the
A description of the data source used for the data extraction.
An explanation of the purpose of the extraction. The purpose of each item included should be clearly stated.
Information about the data
This is a list of all the items in the table. The first item on this list contains the name of the item.
This work may be reproduced without permission for noncommercial purposes only under the terms of the Creative Commons Attribution License (http://
following
SELECT  FROM [ <span class=cite>D&amp;A</span><span class='b' style='fontsize: 14px; fontfamily: Arial
This is the content that was extracted for the following query: <code><strong>Sunset</strong>:
SELECT  FROM Sunset WHERE Sun = '
HTML
Type:
Citation:
Author:
Abstract:
A description
(C) The content of this page has been extracted by me using the following methods:
It should contain only the following information
This is a list of the most common queries used by the search engine. The list includes the most commonly searched terms (e.g., ""search engine"", ""web site"", etc.).
WHERE <span>'name' </span>='Name'
AND <span><span class=1> 'title
SELECT  FROM [ <span class=cite>http://www.washingtonpost.com/wpdyn/content/article/2010/10/28/AR20101
WHERE <span> <span style='fontsize:12px;'><span class='bcc'>
H
WHERE <span> = <span style='fontsize:12px;'><span class='bcc'>&gt
This is the content that was extracted for the Solar nebula.
A description of
If the content is not present, the output will be shown as a list with no description at all (e.g., ""This item has been removed
All the content must have been extracted from an existing file.
If you do not know how to
This is a clean, unstructured list of the items in the database.
It contains only the information needed for the query to be executed.
If you want to add more information about
This is a clean, clean list with only the head tags.
If you want more information about the query, please use
CITATION:
This document describes the process of extracting the content from a query. It does not describe how to use the extracted content for your own purposes.
If you have questions about
SELECT  FROM [ <span class=”CITE_STRING” > <span style=“width:100%”>http://www.washingtonpost.
If the content is not present, the output will be shown as a list with the following contents:
All the headINGS (head
Author
Abstract
WHERE <span> = <span style='fontsize:12px;'><span class='bcc'>
A list of all the planets in the solar system.
An overview of the planets' orbits around the sun (including their orbital paths).
A description of each planet's orbit relative to the
A:
B:
C:
D:
E:
F:
G:
H:
I:
J:
K:
L:
M:
This work may be reproduced without permission for noncommercial purposes only under the terms of the Creative Commons Attribution License (http://creativecommons.org/lic
If you want more information about the
This is a list of all the items in the list.
If you want to add more items, simply add
SELECT  FROM [ <span class=cite>CITE</span><span class='b' style='fontsize: 14px; fontfamily: Arial; font:
Categories
Comments
Comment
Note
This is a list of the most frequently
This is a list of all the items in the list. The first item on this list contains the name of the object.
COPY:
This is a very useful tool for the meteorologist who wants to know how much rainfall there will be this year
SELECT  FROM [ <span class=”CATEGORY“ > <span style='color:#000000;'> </span><span class=’&gt; <span
This work may be reproduced without permission for noncommercial purposes only under the terms of the Creative Commons Attribution License (http://creativecommons.org/licenses
A list of all the heads (headings) of the query, including the head names.
This is the most important part because it will determine how many headings you need for your query
This is a list of all the data points in the Barycentrelate database.
It contains the following data:
SELECT  FROM [ <span class=""bibliographylist""></span><span class='sans'><span style='fontsize: 14px; fontfamily: Arial
This is a list of all the data points that were extracted for the query (in the form of a list). The data points are grouped into categories based on their size.
SELECT  FROM [ <span class=cite>solarMass</span>, <span style='color:#000000;'>SUN</span>.
Category
Notes
This is
(A) The name of the dwarf.
(B) The description of the Dwarf.
(C) The character name of each dwarf. (D) The number of
This is a list of all the items in the table.
If you want to see more information about the table, please visit the <a href=""http://www.kmls.
(C)
This content contains the following information:
This is a list of all the items in the Jpg file.
If you want to see more information about the content, please visit the JSPLITE page for more information
This document describes the molecular structure of the hydrogen molecule. It also provides an overview of the chemical properties of the molecule.
It should be noted that the molecular structures described
(C) The New York Times (http://www.nytimes.com/).
This content has been extracted by me using the following methods:
Extracting the
SELECT  FROM [<span style=""color:#ff0000;"">C:\Users\Stevenson2021\AppData\Local\Microsoft\Windows\CurrentVersion\Excel\DataBase
SELECT  FROM query WHERE query = ""C:\Users\MyNameIsNamed""
WHERE query = 'mynameisnamed'
If you have
This is a list of all the items in the list. The first item on this list contains the name of the source material (e.g., the article). The second item contains the title
SELECT  FROM query WHERE query = 'http://www.googleapis'.com'
WHERE query = ""https://www.""
The
# grep i p o u l x
This is a summary of the category name (e
This is a list of all the items in the bar. The first item on this list contains the name of the bar's owner.
If you want to add more than one bar, you
A description of the planet Jupiter (in the form of a list) with the following information:
Number of planets
This is the list
SELECT  FROM [ <span class=quotedtext>
WHERE <span>'name' </span>='John Doe'
AND <span><span class=1
<a class=""mwfiledescription"" href=""/wiki/File:7901060203_Voyager_58M_to_31M_reduced.gif""><img alt=""Black and white animation of Jupiter's clouds by Voyager 1 as the spacecraft approaches the planet"" class=""mwfileelement"" datafileheight=""400"" datafilewidth=""390"" decoding=""async"" height=""256"" src=""//upload.wikimedia.org/wikipedia/commons/thumb/a/a3/7901060203_Voyager_58M_to_31M_reduced.gif/250px7901060203_Voyager_58M_to_31M_reduced.gif"" srcset=""//upload.wikimedia.org/wikipedia/commons/thumb/a/a3/7901060203_Voyager_58M_to_31M_reduced.gif/375px7901060203_Voyager_58M_to_31M_reduced.gif 1.5x, //upload.wikimedia.org/wikipedia/commons/a/a3/7901060203_Voyager_58M_to_31M_reduced.gif 2x"" width=""250""/></a>
<a href=""/wiki/Voyager_1"" title=""Voyager 1"">Voyager 1</a>
<a href=""/wiki/Ammonium_hydrosulfide"" title=""Ammonium hydrosulfide"">ammonium hydrosulfide</a>
<a href=""#cite_note98""><span class=""citebracket"">
If you have any questions about the output please contact me at .
If there is an error, please let me know so I can correct it
Listing
This work may be reproduced without permission for noncommercial purposes only under the terms of the Creative Commons Attribution License.
For more information about this license, please see http
This is a list of the most common queries used by ChromoCAD. The list includes the most commonly asked questions (e.g., ""What is the best way to use chrom
This is a very distorted picture of a red anticontrol storm.
It has been compressed into a clean, unaltered list of objects.
If you want to see more images
# grep i 's'
This command will extract the content
Data Set
Explanation
This is a list of all the items in the list. The first item on this list contains the name of the item (the name of its parent).
CATEGORY:
ALL HEADINGS
(all headings)
This is a clean, unstructured list
SELECT  FROM [ <span class=cite>META_INFO</span><span class='b' style='textalign:center'>
WHERE <span type=c
SELECT  FROM query WHERE query_name = 'jupiter' AND query_description = 'A Jupiterlike planet with a diameter of about 1.5 AU'.
This content contains
""name"", ""age"", ""gender"", ""race"", ""ethnicity"", ""sexual orientation"", ""identification"", ""sex
(&gt; <span class=”bw/eq“><span class='sans'
Extracting the content from the source code of the page (e.g.,
This is the only data that can be extracted from a query. The head name must match the
<a href=""/wiki/Magnetosphere_of_Jupiter"" title=""Magnetosphere of Jupiter"">Magnetosphere of Jupiter</a>
<a class=""mwfiledescription"" href=""/wiki/File:PIA23465PlanetJupiterAurorae20191001.gif""><img alt="""" class=""mwfileelement"" datafileheight=""788"" datafilewidth=""1400"" decoding=""async"" height=""168"" src=""//upload.wikimedia.org/wikipedia/commons/thumb/9/91/PIA23465PlanetJupiterAurorae20191001.gif/330pxPIA23465PlanetJupiterAurorae20191001.gif"" srcset=""//upload.wikimedia.org/wikipedia/commons/thumb/9/91/PIA23465PlanetJupiterAurorae20191001.gif/500pxPIA23465PlanetJupiterAurorae20191001.gif 1.5x, //upload.wikimedia.org/wikipedia/commons/thumb/9/91/PIA23465PlanetJupiterAurorae20191001.gif/960pxPIA23465PlanetJupiterAurorae20191001.gif 2x"" width=""298""/></a>
<a href=""/wiki/Aurora"" title=""Aurora"">Aurorae</a>
<a href=""/wiki/Jupiter%27s_North_Pole"" title=""Jupiter's North Pole"">north</a>
<a href=""/wiki/Jupiter%27s_South_Pole"" title=""Jupiter's South Pole"">south poles</a>
<a class=""mwfiledescription"" href=""/wiki/File:Hubble_Captures_Vivid_Auroras_in_Jupiter%27s_Atmosphere.jpg""><img alt="""" class=""mwfileelement"" datafileheight=""2216"" datafilewidth=""2217"" decoding=true><br />
<p>The Hubble Space Telescope captured images of auroral activity at Jupiter’s north pole on May 21st 2019.</p>
http://www.jpl.nasa.gov/
AND <span><span class=1> 'description
Index
Total
This is a list of all the items in the database.
If you have any questions about this data please contact me at .
I will try my best to answer your queries
If you want to see more, please visit the <b><i>Search for Ionic Objects</i></b> page
This is a list of all the data points in the source code for the object. The data points were extracted using the following methods:
(1) Extracting the data (using the '
<a class=""mwfiledescription"" href=""/wiki/File:Jupiter_Showcases_Auroras,_Hazes_(NIRCam_Widefield_View)_(jupiterauroras2).jpeg""><img alt=""Image of Jupiter showing its rings, moons amalthea and Adrastea, auroras, and atmospheric features."" class=""mwfileelement"" datafileheight=""2829"" datafilewidth=""3283"" decoding=""async"" height=""215"" src=""//upload.wikimedia.org/wikipedia/commons/thumb/2/28/Jupiter_Showcases_Auroras%2C_Hazes_%28NIRCam_Widefield_View%29_%28jupiterauroras2%29.jpeg/250pxJupiter_Showcases_Auroras%2C_Hazes_%28NIRCam_Widefield_View%29_%28jupiterauroras2%29.jpeg"" srcset=""//upload.wikimedia.org/wikipedia/commons/thumb/2/28/Jupiter_Showcases_Auroras%2C_Hazes_%28NIRCam_Widefield_View%29_%28jupiterauroras2%29.jpeg/500pxJupiter_Showcases_Auroras%2C_Hazes_%28NIRCam_Widefield_View%29_%28jupiterauroras2%29.jpeg 1.5x"" width=""250""/></a>
<a href=""/wiki/Rings_of_Jupiter"" title=""Rings of Jupiter"">Rings of Jupiter</a>
<a class=""mwredirect"" href=""/wiki/Planetary_ring"" title=""Planetary ring"">planetary ring</a>
<a href=""#cite_note133""><span class=""citebrackets"">[/span>
Mars (M1),
Enceladus (M4),
Venus (V6),
Saturn (S7),
Oumuamua
SELECT  FROM [ <span class=”bw/content“><span class='sans' style='textalign: center;'> </span>
WHERE <
This work is licensed under a Creative Commons AttributionNonCommercialShareAlike 3.0 Unported License.
If you wish to use this work for commercial
This is a list of all the content extracted from the query, including the headers.
A list of the header's data
If you want to see more, please visit the <a href=""http://www.japantimes.com/news
This is a list of all the items in the list. The first item on this list contains the name of the item (name) and the name (description).
If you want to
List of planets
SELECT  FROM  WHERE x = '0' AND x <
This is a list of all the items in the list. The first item on this list contains the name of the person who wrote the query (the person's name should be in bold).
Country
State
City
Zip Code
Phone Number
Email Address
This is a list of all the data points that were used for the query (in this case, the data point number).
If you have any questions about the data, please contact me at
A description of the object, its position relative to the sun (if it's visible), its brightness, its size, its age, its orbit around the sun, its distance from the earth,
If you want to add more than one item, you can do
This is a list of the items that were extracted for the query (the ""item"" part).
If you want to see more information about the content, please refer to the
This is a list of all the items in the database. The first item on this list contains the name of the query (e.g., ""name of the planet"").
ALMAGEST PLANETS
A description of the planets in the solar system.
Describes the orbits of the sun, moon, and planets.
Explains how they formed.
This is a reference to an article by John H. Kline (http://www.jklinkels.com/) on the subject of the Chinese zodiac
QUEEN'S HANDBOOK
AUTHOR:
Juan Carlos de la Cruz
ISBN:
9781498003885
REVIEWED BY
WHERE <span> = <span style='fontsize:12px;'><span class='bcc'></
# grep i ""modes=jupyter
If you want to see more, please visit the <b><i>List of Items</i></b>.
If you want to see more, please visit the <b><strong>Search for Mediceans</strong></b> page
This is a list of all the items in the database. The list contains only the items that match the query (the items that are not in the list).
If you want to see
SELECT  FROM [ <span class=cite>http://www.googleapis.com/search?q=&amp;hl=en&amp;"" name='Google+P
This is a list of all the items in the list. The first item on this list contains the name of the person who wrote the query (e.g., ""John Doe"").
If you want to see more, please visit the <a href=""http://www.eclipse.org/"" target=""_
If you want to see more, please visit the <code><strong>http://www.videogamesguide.com
SELECT  FROM OVAL BAY WHERE 'C' = 'B';
SELECT  FROM [ <span class=cite>KENNY FRANKLIN</span><span class='b' style='fontsize:12px; fontfamily: '
If you have any questions about this data, please contact me at
frenchdrake@gmail.com.
Thanks for
This work is licensed under a Creative Commons AttributionNonCommercialShareAlike 3.0 Unported License (CC BYNC 3.5).
If
This is a list of all the data points that were extracted for the search.
Thanks!
I
This is a list of all the items in the original query. The following items were added after the query was completed:
SELECT  FROM [ <span class=”CITE_BORDER“><span class='bbl' style='textalign: center;'>
WHERE <span
If you want to see more, please visit the <code><strong>http://www.videogamesandgames.
SELECT  FROM [ <span class=cite>CITE_NOTES_OF_MEMORY</span>, <span style='fontsize: 14px; fontfamily
A list of all the items in the list.
All the headers were extracted using the same method described above for the other items.
This is the only item that has been removed by
SELECT  FROM [http://www.galileocanada.com/index.php?title=Casa_Dominguez&amp;searchType=Search&
Explan
Table 1
If you have any questions about the contents of this list please contact me at james@jasonforsenate.com
This is a list of all the data points in the database. The data points were extracted using the following methods:
(A) Extracting the data from the source database (e.g
WHERE <span> = <span style='fontsize:12px;'><span class='sansserif
""A""
title='''A'',
description='''""B"",
text=''
""Nasa 2021010919""
January 21st, 2021
Data Type:
Item
This is a list of all the data points that were extracted for the query (in the order they appear).
If you have any questions about this data, please contact me at jim
(C) EJ SM (EU)
DATA:
This data contains the data for the Ejsm, the European Space Agency's (
(data=0)
This data contains the following data:
If you want to add more information, please use the
A description of the data used for the
CALLISTO (MASSIVE)
COMPANY:
(http://www.tianwanengs.com/)
REFERENCE:
(CiteBrackets)
A description of the object
An explanation about the
This is a list of all the planets and moons discovered by NASA's Solar System Discovery Program. The planets and moon orbits were determined using the Kepler spacecraft.
SELECT  FROM [ <span class=”CITE_BORDER“><span class='bargain' style='width:100%; height:80px; padding
List of items
SELECT  FROM query WHERE query = 'http://www.googleapis.com' AND query = ""https://www.""
Data Base
SELECT  FROM query WHERE content = 'http://www.googleapis'.com'
<a href=""/wiki/Moon"" title=""Moon"">Moon</a>
<a href=""/wiki/Help:IPA/English"" title=""Help:IPA/English"">IPA</a>
<a href=""/wiki/Help:IPA/English"" title=""Help:IPA/English"">/<span style=""borderbottom:1px dotted""><span title=""/ˈ/: primary stress follows"">ˈ</span><span title=""/aɪ/: 'i' in 'tide'"">aɪ</span><span title=""/./: syllable break"">.</span><span title=""/oʊ/: 'o' in 'code'"">oʊ</span></span>/</a>
<a href=""/wiki/Help:IPA/English"" title=""Help:IPA/English"">/<span style=""borderbottom:1px dotted""><span title=""/j/: 'y' in 'yes'"">j</span><span title=""/ʊ/: 'u' in 'push'"">ʊ</span><span title=""/ˈ/: primary stress follows"">ˈ</span><span title=""'r' in 'rye'"">r</span><span title=""/oʊ/: 'o' in 'code'"">oʊ</span><span title=""'p' in 'pie'"">p</span><span title=""/ə/: 'a' in 'about'"">ə</span></span>/</a>
<a href=""/wiki/Help:IPA/English"" title=""Help:IPA/English"">/<span style=""borderbottom:1px dotted""><span title=""/ˈ/: primary stress follows"">ˈ</span><span title=""/ɡ/: 'g' in `k'th'"">g</span> </span><br /><div class=""separator"" style=""clear: both; textalign: center;""></div><img src=""http://feeds.feedburner.com
If there's an error with the extraction, please contact me at info@jupitersatellite.com for further assistance.
I will try my best to resolve this issue
From left to right, in order of increasing distance from Jupiter: Io, Europa, Ganymede, Callisto."" class=""mwfileelement"" datafileheight=""600"" datafilewidth=""1830"" decoding=""async"" height=""184"" src=""//upload.wikimedia.org/wikipedia/commons/thumb/a/af/The_Galilean_satellites_%28the_four_largest_moons_of_Jupiter%29.tif/lossypage1561pxThe_Galilean_satellites_%28the_four_largest_moons_of_Jupiter%29.tif.jpg"" srcset=""//upload.wikimedia.org/wikipedia/commons/thumb/a/af/The_Galilean_satellites_%28the_four_largest_moons_of_Jupiter%29.tif/lossypage1842pxThe_Galilean_satellites_%28the_four_largest_moons_of_Jupiter%29.tif.jpg 1.5x, //upload.wikimedia.org/wikipedia/commons/thumb/a/af/The_Galilean_satellites_%28the_four_largest_moons_of_Jupiter%29.tif/lossypage11122pxThe_Galilean_satellites_%28the_four_largest_moons_of_Jupiter%29.tif.jpg 2x"" width=""561""/></a>
<a href=""/wiki/Io(moon)""title=""Ioo(moon))"">Ioo</a>, <a href=""http://www.googleapis.com/"" title=""Google Images"" target=""_blank""><img alt="""" border=""0"" src=""#https
This is a list of all the content extracted from the query, including the head tags.
A list of the head tag data for
If you want to see more information about the data, please visit the <a href=""http://www.solarenergyresearch
This is a list of the content that was extracted by the Ananke group.
If you have any questions about this list please contact me at .
This is a list of all the items in the source file.
If you want to see more, please visit the source page for the source files.
Please note that the source is
This is a list of all the data points in the database. The data points are sorted by the number of rows they contain.
For example, if you have a list containing the following data
This is a list of all the items that were added during the last 24 hours (the last day of the month).
If you have any questions about this data, please contact us at:
This is a list of all the Greek camp objects.
It includes the following:
An explanation about the object
(A) The content of the query is extracted using the following method:
(B) The extracted content is formatted as a list of item names with the following
Subcategory
This is a clean, unstructured list of the items that were extracted for the purpose of this report.
If you have any questions about the content, please contact me at [email protected
10
If you want to add more information,
00
This is a list of all the items in the list. The first item on this list contains the name of the person who wrote the query (in this case, Giovanni Cassini).
A description of the planets in the sky (including their names)
An explanation of the planet's orbit around the sun
An overview of the solar system
An analysis of the planetary orbits
If you have any questions about this data, please contact me at .
I do not know
If you want to see more, please visit the <b><i>http://www.hammurabibes.
This is a list of all the items in the Ecliptics database.
A description of the Greek mythological figure, Zeus, who is said to have been the father of the gods.
An explanation of the myth's origins (the Greek mythologized version).
PHAETHON
This is a list of all the items in the Phaethons database. The following table shows the contents of each item.
Table 1: Phaeton
If you want to see more, please visit the <b><i>Search for HOMER</i></b> page
For more information about this license please see http://
If you want to see the contents of the query, you can use the following command:
This command will extract the content of the file.
This is a list of the most common Turkic mythological characters (in alphabetical order).
A. The name of the person who is the ancestor of the Turkic people.
Please
ALL THE HEADINGS
This is a clean, unstructured list of all the
<a href=""/wiki/Outline_of_Jupiter"" title=""Outline of Jupiter"">Outline of Jupiter</a>
<a href=""/wiki/Eccentric_Jupiter"" title=""Eccentric Jupiter"">Eccentric Jupiter</a>
<a href=""/wiki/Hot_Jupiter"" title=""Hot Jupiter"">Hot Jupiter</a>
<a href=""/wiki/SuperJupiter"" title=""SuperJupiter"">SuperJupiter</a>
<a href=""/wiki/Jovian%E2%80%93Plutonian_gravitational_effect"" title=""Jovian–Plutonian gravitational effect"">Jovian–Plutonian gravitational effect</a>
<a href=""/wiki/List_of_gravitationally_rounded_objects_of_the_Solar_System"" title=""List of gravitationally rounded objects of the Solar System"">List of gravitationally rounded objects of the Solar System</a>
<a href=""#cite_refcaption_10"">^</a>
<a href=""/wiki/Atmosphere_of_Jupiter#Dynamics"" title=""Atmosphere of Jupiter"">constantly changes</a>
<a href=""/wiki/Great_Red_Spot"" title=""Great Red Spot"">Great Red Spot</a>
<a href=""#cite_ref1bar_110""><sup><i><b>a</b></i></sup></a>
<a href=""#cite_ref1bar_111""><sup><i><b>b</b></i></sup></a>
<a href=""#cite_ref1bar_112""><sup><i><b>c</b></i></sup></a>
<a href=""#cite_ref1bar_113""><sup><i><b>d</b></i></sup></a>
<a href=""#cite_ref1bar_114""><sup><i><b>e</b></i></sup></a>
<a href=""#cite_ref1bars_125""><sup></sup></A>
SELECT  FROM query WHERE query_name = 'Content Extractor' AND query_type = 'List' AND WHERE query=list;
<a href=""#cite_ref169"">^</a>
<a href=""/wiki/Moons_of_Jupiter"" title=""Moons of Jupiter"">Moons of Jupiter</a>
<a href=""#cite_ref2"">^</a>
<a class=""external text"" href=""https://archive.org/details/oxfordenglishdic00_0"" rel=""nofollow"">""Jupiter""</a>
<a href=""/wiki/Oxford_English_Dictionary"" title=""Oxford English Dictionary"">Oxford English Dictionary</a>
<a class=""mwredirect"" href=""/wiki/ISBN_(identifier)"" title=""ISBN (identifier)"">ISBN</a>
<a href=""/wiki/Special:BookSources/9780198612209"" title=""Special:BookSources/9780198612209""><bdi>9780198612209</bdi></a>
<a href=""#cite_reffact_30""><sup><i><b>a</b></i></sup></a>
<a href=""#cite_reffact_31""><sup><i><b>b</b></i></sup></a>
<a href=""#cite_reffact_32""><sup><i><b>c</b></i></sup></a>
<a href=""#cite_reffact_33""><sup><i><b>d</b></i></sup></a>
<a href=""#cite_reffact_34""><sup><i><b>e</b></i></sup></a>
<a href=""#cite_reffact_35""><sup><i><b>f</b></i></sup></a>
<a href=""#cite_reffact_36""><sup><i><b>g</b></i></sup></a>
<a href=""#cite_reffact_37""><sup>h</b> </a> <br />
WHERE query = """" AND query= 'text'
SELECT FROM query where
D.</a>
<a class=""mwredirect"" href=""/wiki/Bibcode_(identifier)"" title=""Bibcode (identifier)"">Bibcode</a>
<a class=""external text"" href=""https://ui.adsabs.harvard.edu/abs/1934Obs....57..238M"" rel=""nofollow"">1934Obs....57..238M</a>
<a href=""#cite_ref27"">^</a>
<a class=""external text"" href=""https://www.etymonline.com/word/jove"" rel=""nofollow"">""Jove""</a>
<a class=""external text"" href=""https://web.archive.org/web/20220323021235/https://www.etymonline.com/word/jove"" rel=""nofollow"">Archived</a>
<a href=""#cite_ref28"">^</a>
<a class=""external text"" href=""http://dictionary.reference.com/browse/jovial"" rel=""nofollow"">""Jovial""</a>
<a class=""external text"" href=""https://web.archive.org/web/20120216090837/http://dictionary.reference.com/browse/jovial"" rel=""nofollow"">Archived</a>
<a href=""#cite_refKruijer_et_al_2017_300""><sup><i><b>a</b></i></sup></a>
<a href=""#cite_refKruijer_et_al_2017_301""><sup><i><b>b</b></i></sup></a>
<a href=""#cite_refKruijer_et_al_2017_302""><sup><i><b>c</b></i></sup></a>
<a href=""#cite_refKruijer_et_al_2017_303""><sup><i><b>d</b></i></sup></a> </div>
SELECT  FROM bibliographies WHERE bibliography = '%s'
WHERE bibliography.name='%s', bibliography='%s
Becker"">Becker, Heidi N.</a>
<a class=""mwredirect"" href=""/wiki/ArXiv_(identifier)"" title=""ArXiv (identifier)"">arXiv</a>
<a class=""external text"" href=""https://arxiv.org/abs/2101.12361"" rel=""nofollow"">2101.12361</a>
<a class=""external text"" href=""https://ui.adsabs.harvard.edu/abs/2021JGRE..12606504A"" rel=""nofollow"">2021JGRE..12606504A</a>
<a class=""mwredirect"" href=""/wiki/Doi_(identifier)"" title=""Doi (identifier)"">doi</a>
<a class=""external text"" href=""https://doi.org/10.1029%2F2020JE006504"" rel=""nofollow"">10.1029/2020JE006504</a>
<a class=""mwredirect"" href=""/wiki/S2CID_(identifier)"" title=""S2CID (identifier)"">S2CID</a>
<a class=""external text"" href=""https://api.semanticscholar.org/CorpusID:231728590"" rel=""nofollow"">231728590</a>
<a href=""#cite_ref101"">^</a>
<a class=""external text"" href=""https://web.archive.org/web/20111008010724/http://www.nasa.gov/vision/universe/solarsystem/galileo_end.html"" rel=""nofollow"">""Surprising Jupiter: Busy Galileo spacecraft showed jovian system is full of surprises""</a>
<a class=""external text"" href=""https://www.nasa.gov/vision/universe/solarsystem/"" rel=""ncid""><span style=""fontsize: xsmall;"">NASA/GSFC/NRA/GEO/MSSS/HMS/LAS/TESS/GLOBAL/WESTERN/
<a class=""external text"" href=""https://hal.archivesouvertes.fr/hal03058480"" rel=""nofollow"">""Small lightning flashes from shallow electrical storms on Jupiter""</a>
<a class=""external text"" href=""https://ui.adsabs.harvard.edu/abs/2020Natur.584...55B"" rel=""nofollow"">2020Natur.584...55B</a>
<a class=""external text"" href=""https://doi.org/10.1038%2Fs4158602025321"" rel=""nofollow"">10.1038/s4158602025321</a>
<a class=""mwredirect"" href=""/wiki/ISSN_(identifier)"" title=""ISSN (identifier)"">ISSN</a>
<a class=""external text"" href=""https://search.worldcat.org/issn/00280836"" rel=""nofollow"">00280836</a>
<a class=""mwredirect"" href=""/wiki/PMID_(identifier)"" title=""PMID (identifier)"">PMID</a>
<a class=""external text"" href=""https://pubmed.ncbi.nlm.nih.gov/32760043"" rel=""nofollow"">32760043</a>
<a class=""external text"" href=""https://api.semanticscholar.org/CorpusID:220980694"" rel=""nofollow"">220980694</a> <a class="""" href=""http://www.semiconductorresearch.com/webdocs/pbs_images/PBS_Images_0x0006f8c9e4b5d3cc7ebdfafac
<a class=""external text"" href=""https://arxiv.org/abs/2012.14316"" rel=""nofollow"">2012.14316</a>
<a class=""external text"" href=""https://ui.adsabs.harvard.edu/abs/2020JGRE..12506403G"" rel=""nofollow"">2020JGRE..12506403G</a>
<a class=""external text"" href=""https://doi.org/10.1029%2F2020JE006404"" rel=""nofollow"">10.1029/2020JE006404</a>
<a class=""external text"" href=""https://api.semanticscholar.org/CorpusID:226194362"" rel=""nofollow"">226194362</a>
<a href=""#cite_ref105"">^</a>
<a class=""external text"" href=""https://arxiv.org/abs/2010.13740"" rel=""nofollow"">2010.13740</a>
<p><strong>The first step of the extraction process is to identify the head and body parts that are needed for the query.</strong></p>
http://www.seminars.com/index.php?title=Content+ Extract
(May 2015)"">page needed</span></a>
<a href=""#cite_refHide1981_1420"">^</a>
<a class=""external text"" href=""https://doi.org/10.1111%2Fj.1365246X.1981.tb02668.x"" rel=""nofollow"">""On the rotation of Jupiter""</a>
<a class=""external text"" href=""https://ui.adsabs.harvard.edu/abs/1981GeoJ...64..283H"" rel=""nofollow"">1981GeoJ...64..283H</a>
<a class=""external text"" href=""https://doi.org/10.1111%2Fj.1365246X.1981.tb02668.x"" rel=""nofollow"">10.1111/j.1365246X.1981.tb02668.x</a>
<a href=""#cite_ref143"">^</a>
<a class=""external text"" href=""http://www.igpp.ucla.edu/public/mkivelso/Publications/2452001GL012917.pdf"" rel=""nofollow"">""The rotation period of Jupiter""</a>
<a class=""external text"" href=""https://ui.adsabs.harvard.edu/abs/2001GeoRL..28.1911R"" rel=""nofollow"">2001GeoRL..28.1911R</a>
<a class=""mwredirect"" href=""/wiki/Doi_(identifier)"" title=""Doi ( identifier)"">doi</a>, <em><strong>Date</strong></em>.
<br />
<p>This is a list of all the heads and headers that are required for the query.</p>
Encounter with the Giant""</a>
<a class=""external text"" href=""https://history.nasa.gov/SP349/sp349.htm"" rel=""nofollow""><i>Pioneer Odyssey</i></a>
<a class=""external text"" href=""https://web.archive.org/web/20171225230634/https://history.nasa.gov/SP349/sp349.htm"" rel=""nofollow"">Archived</a>
<a href=""#cite_ref147"">^</a>
<a class=""external text"" href=""https://books.google.com/books?id=6KXACQAAQBAJ&amp;pg=PA47"" rel=""nofollow""><i>Outer Planets</i></a>
<a href=""/wiki/Special:BookSources/9780313365713"" title=""Special:BookSources/9780313365713""><bdi>9780313365713</bdi></a>
<a class=""external text"" href=""https://web.archive.org/web/20230326164803/https://books.google.com/books?id=6KXACQAAQBAJ&amp;pg=PA47"" rel=""nofollow"">Archived</a>
<a href=""#cite_ref148"">^</a>
<a href=""/wiki/Special:BookSources/9781448141302"" title=""Special:BookSources/9781448141302""><bdi>9781448141302</bdi></a>
<a href=""#cite_ref149"">^</a>, <a class="""" href=""http://www.theguardian.com/"" rel=""noopener noreferrer"">Guardian</a>.
Dubs"">Dubs, Homer H.</a>
<a class=""external text"" href=""https://doi.org/10.2307%2F595793"" rel=""nofollow"">10.2307/595793</a>
<a class=""mwredirect"" href=""/wiki/JSTOR_(identifier)"" title=""JSTOR (identifier)"">JSTOR</a>
<a class=""external text"" href=""https://www.jstor.org/stable/595793"" rel=""nofollow"">595793</a>
<a href=""#cite_ref151"">^</a>
<a class=""external text"" href=""https://books.google.com/books?id=qj0wCgAAQBAJ&amp;pg=PA195"" rel=""nofollow""><i>A Guide to Hubble Space Telescope Objects: Their Selection, Location, and Significance</i></a>
<a href=""/wiki/Special:BookSources/9783319188720"" title=""Special:BookSources/9783319188720""><bdi>9783319188720</bdi></a>
<a class=""external text"" href=""https://web.archive.org/web/20230326164802/https://books.google.com/books?id=qj0wCgAAQBAJ&amp;pg=PA195"" rel=""nofollow"">Archived</a>
<a href=""#cite_ref152"">^</a>
<a href=""/wiki/Special::BookSource#978198889845"" title="""" rel=""noopener"">Special: BookSource# 9781,988,898 4</a><br />
<p>The
http://www.sundaybriefing.com/news/article/93869/thenewhollywoodmoviestarwhowasn't
Jewitt"">Jewitt, David C.</a>
<a class=""external text"" href=""https://web.archive.org/web/20060813235622/http://www.ifa.hawaii.edu/~jewitt/papers/JSATS/SJ2003.pdf"" rel=""nofollow"">""An abundant population of small irregular satellites around Jupiter""</a>
<a class=""external text"" href=""https://ui.adsabs.harvard.edu/abs/2003Natur.423..261S"" rel=""nofollow"">2003Natur.423..261S</a>
<a class=""external text"" href=""https://doi.org/10.1038%2Fnature01584"" rel=""nofollow"">10.1038/nature01584</a>
<a class=""external text"" href=""https://pubmed.ncbi.nlm.nih.gov/12748634"" rel=""nofollow"">12748634</a>
<a class=""external text"" href=""https://api.semanticscholar.org/CorpusID:4424447"" rel=""nofollow"">4424447</a>
<a class=""external text"" href=""http://www.ifa.hawaii.edu/~jewitt/papers/JSATS/SJ2003.pdf"" rel=""nofollow"">the original</a>
<a href=""#cite_ref218"">^</a>
<p><strong>The following is a list of the most frequently asked questions about the JPL JPL paper:</strong></p>
What is the JPR?
A. The JPR is the name for the JAR
M.</a>
<a class=""external text"" href=""https://ui.adsabs.harvard.edu/abs/2000DPS....32.1901C"" rel=""nofollow"">2000DPS....32.1901C</a>
<a href=""#cite_ref223"">^</a>
<a class=""external text"" href=""https://doi.org/10.1086%2F168800"" rel=""nofollow"">""Planetary perturbations and the origins of shortperiod comets""</a>
<a class=""external text"" href=""https://ui.adsabs.harvard.edu/abs/1990ApJ...355..667Q"" rel=""nofollow"">1990ApJ...355..667Q</a>
<a class=""external text"" href=""https://doi.org/10.1086%2F168800"" rel=""nofollow"">10.1086/168800</a>
<a href=""#cite_ref224"">^</a>
<a class=""external text"" href=""https://www.sciencedaily.com/releases/2010/09/100909212309.htm"" rel=""nofollow"">""Caught in the act: Fireballs light up Jupiter""</a>
<a class=""external text"" href=""https://web.archive.org/web/20220427013242/https://www.sciencedaily.com/releases/2010/09/100909212309.htm"" rel=""nofollow"">Archived</a>
<a href=""#cite_ref225"">^ </a>The first time I saw this, I was very confused because I thought it was a reference to something else entirely!
I'm not sure if it's a reference or not but I think it might be a reference.
Thanks
a key to the study of Taoism and Confucianism</i></a>
<a class=""external text"" href=""https://web.archive.org/web/20240226150305/https://books.google.com/books?id=ZAaP7dyjCrAC&amp;pg=PA300#v=onepage&amp;q&amp;f=false"" rel=""nofollow"">Archived</a>
<a href=""#cite_ref249"">^</a>
<a class=""external text"" href=""https://archive.org/details/japanesenumbersg00crum"" rel=""nofollow""><i>The Japanese numbers game: the use and understanding of numbers in modern Japan</i></a>
<a class=""external text"" href=""https://archive.org/details/japanesenumbersg00crum/page/n53"" rel=""nofollow"">39</a>
<a href=""/wiki/Special:BookSources/9780415056090"" title=""Special:BookSources/9780415056090""><bdi>9780415056090</bdi></a>
<a href=""#cite_ref250"">^</a>
<a class=""external text"" href=""https://archive.org/details/passingkorea01hulbgoog"" rel=""nofollow""><i>The passing of Korea</i></a>
<a class=""external text"" href=""https://archive.org/details/passingkorea01hulbgoog/page/n538"" rel=""nofollow"">426</a>
<a href=""/wiki/Wikipedia:The_Wikipedia_Library"" title=""Wikipedia:The Wikipedia Library"">Library resources</a>
<a class=""external text"" href=""https://ftl.toolforge.org/cgibin/ftl?st=viaf%3A1&pid=5e8d9eb4bc6ea2edabadafacffdbbaae"" rel='nofound'>http://www.ftllibrary.net/~thesky/the
Hill sphere</a>
<a href=""/wiki/Rubble_pile"" title=""Rubble pile"">Rubble pile</a>
<a href=""/wiki/Scattered_disc"" title=""Scattered disc"">Scattered disc</a>
<a href=""/wiki/Ring_system"" title=""Ring system"">Rings</a>
<a href=""/wiki/Rings_of_Earth"" title=""Rings of Earth"">Earth</a>
<a href=""/wiki/Rings_of_Jupiter"" title=""Rings of Jupiter"">Jovian</a>
<a href=""/wiki/Rings_of_Saturn"" title=""Rings of Saturn"">Saturnian</a>
<a href=""/wiki/Rings_of_Rhea"" title=""Rings of Rhea"">Rhean</a>
<a href=""/wiki/Rings_of_Chariklo"" title=""Rings of Chariklo"">Charikloan</a>
<a href=""/wiki/2060_Chiron#Rings"" title=""2060 Chiron"">Chironean</a>
<a href=""/wiki/Rings_of_Uranus"" title=""Rings of Uranus"">Uranian</a>
<a href=""/wiki/Rings_of_Neptune"" title=""Rings of Neptune"">Neptunian</a>
<a href=""/wiki/Haumea#Ring"" title=""Haumea"">Haumean</a>
<a href=""/wiki/Quaoar#Rings"" title=""Quaoar"">Quaoarian</a>
<a href=""/wiki/List_of_hypothetical_Solar_System_objects"" title=""List of hypothetical Solar System objects"">Hypothetical <br/>objects</a>
<a href=""/wiki/Claimed_moons_of_Earth#Other_claims"" title=""Claimed moons of Earth"">Bagby's moon</a>
<a href=""/wiki/Chiron_(hypothetical_moon)"" title=""Chiron (hypothetical moon)"">Chiron</a>
<a href=""/Wiki/Hexagon(hypothesis)/"" title=""Hexagons of Earth and Mars"" title="""" title=""Hydraulic hexagon"" title= ""Hydraulics"" />
<b><span style=""color:#000000
http://www.solutionsfortheweb/content_extraction.html#search?q=%20Content%20Extracting%20The+Search&id
If there's more than one item on the list, it will be added together with the other items (see the ""Add Items"" section).
SELECT  FROM list WHERE item =
Click here for more information."" class=""mwfileelement"" datafileheight=""185"" datafilewidth=""180"" decoding=""async"" height=""20"" src=""//upload.wikimedia.org/wikipedia/en/thumb/9/94/Symbol_support_vote.svg/20pxSymbol_support_vote.svg.png"" srcset=""//upload.wikimedia.org/wikipedia/en/thumb/9/94/Symbol_support_vote.svg/40pxSymbol_support_vote.svg.png 1.5x"" width=""19""/>
<img alt=""Page semiprotected"" class=""mwfileelement"" datafileheight=""512"" datafilewidth=""512"" decoding=""async"" height=""20"" src=""//upload.wikimedia.org/wikipedia/en/thumb/1/1b/Semiprotectionshackle.svg/20pxSemiprotectionshackle.svg.png"" srcset=""//upload.wikimedia.org/wikipedia/en/thumb/1/1b/Semiprotectionshackle.svg/40pxSemiprotectionshackle.svg.png 1.5x"" width=""20""/>
<img alt=""An image of Jupiter taken by NASA's Hubble Space Telescope"" class=""mwfileelement"" datafileheight=""1639"" datafilewidth=""1810"" decoding=""async"" height=""254"" src=""//upload.wikimedia.org/wikipedia/commons/thumb/e/e2/Jupiter_OPAL_2024.png/330pxJupiter_OPAL_2024.png"" srcset=""//upload.wikimedia.org/wikipedia/commons/thumb/e/e2/Jupiter_OPAL_2024.png/500pxJupiter_OPAL_2024.png 1.5x, //upload.wikimedia.org/wikipedia/commons/thumb/e/e2/Jupiter_OPAL_2020.jpg 1.0x"" /></a>
<p><span style=""fontsize: 14pt;"">The following images were taken with the Hubble Space telescope on April 20, 2020.</span></p>
http://
From left to right, in order of increasing distance from Jupiter: Io, Europa, Ganymede, Callisto."" class=""mwfileelement"" datafileheight=""600"" datafilewidth=""1830"" decoding=""async"" height=""184"" src=""//upload.wikimedia.org/wikipedia/commons/thumb/a/af/The_Galilean_satellites_%28the_four_largest_moons_of_Jupiter%29.tif/lossypage1561pxThe_Galilean_satellites_%28the_four_largest_moons_of_Jupiter%29.tif.jpg"" srcset=""//upload.wikimedia.org/wikipedia/commons/thumb/a/af/The_Galilean_satellites_%28the_four_largest_moons_of_Jupiter%29.tif/lossypage1842pxThe_Galilean_satellites_%28the_four_largest_moons_of_Jupiter%29.tif.jpg 1.5x, //upload.wikimedia.org/wikipedia/commons/thumb/a/af/The_Galilean_satellites_%28the_four_largest_moons_of_Jupiter%29.tif/lossypage11122pxThe_Galilean_satellites_%28the_four_largest_moons_of_Jupiter%29.tif.jpg 2x"" width=""561""/>
<img class=""mwfileelement"" datafileheight=""540"" datafilewidth=""684"" decoding=""async"" height=""197"" src=""//upload.wikimedia.org/wikipedia/commons/thumb/5/5d/Jupiter_showing_SL9_impact_sites.jpg/250pxJupiter_showing_SL9_impact_sites.jpg"" srcset=""//upload.wikimedia.org/wikipedia/commons/thumb/5/5d/Jupiter_showing _sl9_interaction_site.png"" /></div>
<p><span style=""fontsize:12pt;"">This is a very important question for us because we have been working on this for quite some time now
If you have any questions about the content extraction process please contact us",30/04/2025 05:15:27
